TimeSlice,TechCode,NI,SI
SUM-WK-D,SolarDist,0.444423594,0.464740101
SUM-WK-N,SolarDist,0,0.000751356
SUM-WK-P,SolarDist,0.111248425,0.172120205
SUM-WE-D,SolarDist,0.468746482,0.445693376
SUM-WE-N,SolarDist,0,0
SUM-WE-P,SolarDist,0.11709514,0.137586789
FAL-WK-D,SolarDist,0.145673028,0.133005808
FAL-WK-N,SolarDist,0,0
FAL-WK-P,SolarDist,0.002816194,0.004693657
FAL-WE-D,SolarDist,0.144724862,0.137107764
FAL-WE-N,SolarDist,0,0
FAL-WE-P,SolarDist,0.002992431,0.00698234
WIN-WK-D,SolarDist,0.082336929,0.072203153
WIN-WK-N,SolarDist,0,0
WIN-WK-P,SolarDist,0,0
WIN-WE-D,SolarDist,0.079979529,0.078710012
WIN-WE-N,SolarDist,0,0
WIN-WE-P,SolarDist,0,0
SPR-WK-D,SolarDist,0.311985363,0.311985363
SPR-WK-N,SolarDist,0,0
SPR-WK-P,SolarDist,0.023345843,0.050936386
SPR-WE-D,SolarDist,0.308906441,0.323975048
SPR-WE-N,SolarDist,0,0
SPR-WE-P,SolarDist,0.024665874,0.049331749
SUM-WK-D,SolarFixed,0.642509539,0.664095828
SUM-WK-N,SolarFixed,0.000751356,0.000751356
SUM-WK-P,SolarFixed,0.172120205,0.352636517
SUM-WE-D,SolarFixed,0.687750985,0.658294239
SUM-WE-N,SolarFixed,0.000752754,0.000752754
SUM-WE-P,SolarFixed,0.192231188,0.326890599
FAL-WK-D,SolarFixed,0.198875351,0.195075185
FAL-WK-N,SolarFixed,0,0
FAL-WK-P,SolarFixed,0.001877463,0.02534575
FAL-WE-D,SolarFixed,0.191696966,0.192966482
FAL-WE-N,SolarFixed,0,0
FAL-WE-P,SolarFixed,0.002992431,0.018952065
WIN-WK-D,SolarFixed,0.105137925,0.098804315
WIN-WK-N,SolarFixed,0,0
WIN-WK-P,SolarFixed,0,0.000938731
WIN-WE-D,SolarFixed,0.106639372,0.10029179
WIN-WE-N,SolarFixed,0,0
WIN-WE-P,SolarFixed,0,0
SPR-WK-D,SolarFixed,0.451491013,0.433735749
SPR-WK-N,SolarFixed,0,0
SPR-WK-P,SolarFixed,0.043508163,0.141136236
SPR-WE-D,SolarFixed,0.473405399,0.431966731
SPR-WE-N,SolarFixed,0,0
SPR-WE-P,SolarFixed,0.031572319,0.144048706
SUM-WK-D,SolarTrack,0.676793645,0.759329455
SUM-WK-N,SolarTrack,0,0.000751356
SUM-WK-P,SolarTrack,0.302259872,0.434498566
SUM-WE-D,SolarTrack,0.738980109,0.745383749
SUM-WE-N,SolarTrack,0,0.000752754
SUM-WE-P,SolarTrack,0.362019141,0.406905611
FAL-WK-D,SolarTrack,0.272345226,0.240677177
FAL-WK-N,SolarTrack,0,0
FAL-WK-P,SolarTrack,0.002816194,0.032855601
FAL-WE-D,SolarTrack,0.255172782,0.247555684
FAL-WE-N,SolarTrack,0,0
FAL-WE-P,SolarTrack,0.005984863,0.031919268
WIN-WK-D,SolarTrack,0.164673858,0.129205642
WIN-WK-N,SolarTrack,0,0
WIN-WK-P,SolarTrack,0,0.000938731
WIN-WE-D,SolarTrack,0.157420025,0.143455345
WIN-WE-N,SolarTrack,0,0
WIN-WE-P,SolarTrack,0,0
SPR-WK-D,SolarTrack,0.513634439,0.50602504
SPR-WK-N,SolarTrack,0,0
SPR-WK-P,SolarTrack,0.087016326,0.168726778
SPR-WE-D,SolarTrack,0.552515586,0.48219542
SPR-WE-N,SolarTrack,0,0
SPR-WE-P,SolarTrack,0.056238194,0.154901691
FAL-WE-D,WindOn,0.341516846,0.341516846
FAL-WE-N,WindOn,0.326380608,0.326380608
FAL-WE-P,WindOn,0.358283805,0.358283805
FAL-WK-D,WindOn,0.339275367,0.339275367
FAL-WK-N,WindOn,0.33809925,0.33809925
FAL-WK-P,WindOn,0.349095352,0.349095352
SPR-WE-D,WindOn,0.433092167,0.433092167
SPR-WE-N,WindOn,0.411065106,0.411065106
SPR-WE-P,WindOn,0.437859248,0.437859248
SPR-WK-D,WindOn,0.446161888,0.446161888
SPR-WK-N,WindOn,0.429607739,0.429607739
SPR-WK-P,WindOn,0.471553833,0.471553833
SUM-WE-D,WindOn,0.378976443,0.378976443
SUM-WE-N,WindOn,0.358456177,0.358456177
SUM-WE-P,WindOn,0.419985551,0.419985551
SUM-WK-D,WindOn,0.368644441,0.368644441
SUM-WK-N,WindOn,0.358374553,0.358374553
SUM-WK-P,WindOn,0.397746747,0.397746747
WIN-WE-D,WindOn,0.3919058,0.3919058
WIN-WE-N,WindOn,0.370018509,0.370018509
WIN-WE-P,WindOn,0.382002206,0.382002206
WIN-WK-D,WindOn,0.384693317,0.384693317
WIN-WK-N,WindOn,0.380226681,0.380226681
WIN-WK-P,WindOn,0.386691067,0.386691067
FAL-WE-D,WindFixOff,0.449364271,0.449364271
FAL-WE-N,WindFixOff,0.429448169,0.429448169
FAL-WE-P,WindFixOff,0.471426059,0.471426059
FAL-WK-D,WindFixOff,0.446414957,0.446414957
FAL-WK-N,WindFixOff,0.444867434,0.444867434
FAL-WK-P,WindFixOff,0.45933599,0.45933599
SPR-WE-D,WindFixOff,0.569858115,0.569858115
SPR-WE-N,WindFixOff,0.54087514,0.54087514
SPR-WE-P,WindFixOff,0.57613059,0.57613059
SPR-WK-D,WindFixOff,0.587055116,0.587055116
SPR-WK-N,WindFixOff,0.565273341,0.565273341
SPR-WK-P,WindFixOff,0.62046557,0.62046557
SUM-WE-D,WindFixOff,0.498653215,0.498653215
SUM-WE-N,WindFixOff,0.471652864,0.471652864
SUM-WE-P,WindFixOff,0.552612568,0.552612568
SUM-WK-D,WindFixOff,0.485058475,0.485058475
SUM-WK-N,WindFixOff,0.471545464,0.471545464
SUM-WK-P,WindFixOff,0.523350983,0.523350983
WIN-WE-D,WindFixOff,0.515665527,0.515665527
WIN-WE-N,WindFixOff,0.486866459,0.486866459
WIN-WE-P,WindFixOff,0.502634481,0.502634481
WIN-WK-D,WindFixOff,0.506175416,0.506175416
WIN-WK-N,WindFixOff,0.500298264,0.500298264
WIN-WK-P,WindFixOff,0.508804035,0.508804035
FAL-WE-D,WindFloatOff,0.449364271,0.449364271
FAL-WE-N,WindFloatOff,0.429448169,0.429448169
FAL-WE-P,WindFloatOff,0.471426059,0.471426059
FAL-WK-D,WindFloatOff,0.446414957,0.446414957
FAL-WK-N,WindFloatOff,0.444867434,0.444867434
FAL-WK-P,WindFloatOff,0.45933599,0.45933599
SPR-WE-D,WindFloatOff,0.569858115,0.569858115
SPR-WE-N,WindFloatOff,0.54087514,0.54087514
SPR-WE-P,WindFloatOff,0.57613059,0.57613059
SPR-WK-D,WindFloatOff,0.587055116,0.587055116
SPR-WK-N,WindFloatOff,0.565273341,0.565273341
SPR-WK-P,WindFloatOff,0.62046557,0.62046557
SUM-WE-D,WindFloatOff,0.498653215,0.498653215
SUM-WE-N,WindFloatOff,0.471652864,0.471652864
SUM-WE-P,WindFloatOff,0.552612568,0.552612568
SUM-WK-D,WindFloatOff,0.485058475,0.485058475
SUM-WK-N,WindFloatOff,0.471545464,0.471545464
SUM-WK-P,WindFloatOff,0.523350983,0.523350983
WIN-WE-D,WindFloatOff,0.515665527,0.515665527
WIN-WE-N,WindFloatOff,0.486866459,0.486866459
WIN-WE-P,WindFloatOff,0.502634481,0.502634481
WIN-WK-D,WindFloatOff,0.506175416,0.506175416
WIN-WK-N,WindFloatOff,0.500298264,0.500298264
WIN-WK-P,WindFloatOff,0.508804035,0.508804035
SUM-WK-D,HydRR,0.573941327,0.368236692
SUM-WK-N,HydRR,0.311812829,0.16680108
SUM-WK-P,HydRR,0.499568399,0.304358899
SUM-WE-D,HydRR,0.573766185,0.397025708
SUM-WE-N,HydRR,0.32669544,0.192705144
SUM-WE-P,HydRR,0.463501595,0.308350535
FAL-WK-D,HydRR,0.490221407,0.344548379
FAL-WK-N,HydRR,0.295888159,0.153200976
FAL-WK-P,HydRR,0.350146838,0.267538469
FAL-WE-D,HydRR,0.517962663,0.326265697
FAL-WE-N,HydRR,0.302235566,0.159346969
FAL-WE-P,HydRR,0.372058965,0.284280978
WIN-WK-D,HydRR,0.882905222,0.444619416
WIN-WK-N,HydRR,0.521183712,0.202015012
WIN-WK-P,HydRR,0.681519047,0.381124977
WIN-WE-D,HydRR,0.815029484,0.403706193
WIN-WE-N,HydRR,0.473552261,0.186278852
WIN-WE-P,HydRR,0.675292008,0.354104376
SPR-WK-D,HydRR,0.679772986,0.440076915
SPR-WK-N,HydRR,0.371077294,0.172768781
SPR-WK-P,HydRR,0.594257834,0.37671702
SPR-WE-D,HydRR,0.806170468,0.399318082
SPR-WE-N,HydRR,0.387051097,0.180205976
SPR-WE-P,HydRR,0.552515586,0.350255416
SUM-,HydSC,0.453,0.605172
FAL-,HydSC,0.496,0.561179
WIN-,HydSC,0.381,0.539719
SPR-,HydSC,0.569,0.639508
